{
  "chest_open.common": { "category": "neutral", "sounds": [{ "name": "custom_sound_pfd:chest/common", "stream": true}]},
  "chest_open.legendary": { "category": "neutral", "sounds": [{ "name": "custom_sound_pfd:chest/legendary", "stream": true}]},

  "custom.random_number": { "category": "neutral", "sounds": [
    {"name": "tuto_silva:custom/number/1", "stream":true, "weight":1}, 
    {"name": "tuto_silva:custom/number/2", "stream":true, "weight":2},
    {"name": "tuto_silva:custom/number/3", "stream":true, "weight":1},
    {"name": "tuto_silva:custom/number/4", "stream":true, "weight":1}, 
    {"name": "tuto_silva:custom/number/5", "stream":true, "weight":2}
  ]},

  "custom.its_a_rock": { "category": "neutral", "sounds": [{ "name": "tuto_silva:custom/rock", "stream": true}]},
  "custom.sac": { "category": "neutral", "sounds": [{ "name": "tuto_silva:custom/sac", "stream": true}]},
  "custom.fire": { "category": "neutral", "sounds": [{ "name": "tuto_silva:custom/fire", "stream": true}]},

  "custom_sound_pfd.musique.ambient_map.map1":{"category":"neutral","sounds":[{"name":"custom_sound_pfd:musique/ambient_map/map1", "stream":true}]},
  "custom_sound_pfd.musique.ambient_map.map2":{"category":"neutral","sounds":[{"name":"custom_sound_pfd:musique/ambient_map/map2", "stream":true}]},
  "custom_sound_pfd.musique.ambient_map.map3":{"category":"neutral","sounds":[{"name":"custom_sound_pfd:musique/ambient_map/map3", "stream":true}]},
  "custom_sound_pfd.musique.ambient_map.map4":{"category":"neutral","sounds":[{"name":"custom_sound_pfd:musique/ambient_map/map4", "stream":true}]},
  "custom_sound_pfd.musique.ambient_map.home":{"category":"neutral","sounds":[{"name":"custom_sound_pfd:musique/ambient_map/home", "stream":true}]},
  "custom_sound_pfd.musique.menu":{"category":"neutral","sounds":[{"name":"custom_sound_pfd:musique/menu", "stream":true}]},
  "custom_sound_pfd.musique.chase.rose":{"category":"neutral","sounds":[{"name":"custom_sound_pfd:musique/chase/rose", "stream":true}]},
  "custom_sound_pfd.musique.chase.bleu":{"category":"neutral","sounds":[{"name":"custom_sound_pfd:musique/chase/bleu", "stream":true}]},
  "custom_sound_pfd.musique.chase.jaune":{"category":"neutral","sounds":[{"name":"custom_sound_pfd:musique/chase/jaune", "stream":true}]},
  "custom_sound_pfd.musique.chase.secret":{"category":"neutral","sounds":[{"name":"custom_sound_pfd:musique/chase/secret", "stream":true}]},
  "custom_sound_pfd.cinematique.vole":{"category":"neutral","sounds":[{"name":"custom_sound_pfd:cinematique/vole", "stream":true}]},
  "custom_sound_pfd.cinematique.aah":{"category":"neutral","sounds":[{"name":"custom_sound_pfd:cinematique/aah", "stream":true}]}
}
